1,SI_001
2,AS_002
3,HE_003
4,QT_004
5,TI_005
6,DS_006
7,SC_007
8,NS_008
9,EE_009
10,AT_010
11,ND_011
12,VN_01
13,SS_013
14,PE_014
15,OI_015
16,TS_016
17,PS_017
18,NGE_018
19,FI_019
20,VS_020
21,CTD_021
22,SS_022
23,QS_023
24,PT_024
25,EDS_025
26,TFT_026
27,SI_027
28,CS_028
29,MW_029
30,VS_030
31,DC_031
32,FMA_032
33,TS_033
34,DVP_034
35,CH_035
36,PF_036
37,SX_037
38,OE_038
39,MIS_039
40,HRS_040
41,IT_041
42,VP_042
43,LMC_043
44,IX_044
45,EA_045
46,AE_046
47,CRM360_047
48,FF_048
49,PC_049
50,FP_050
51,ST_051
52,NX_052
53,VT_053
54,Z_054
55,F_055
56,F_055
57,F_055
58,F_055
59,F_055
60,S_056
61,S_056
62,S_056
63,S_056
64,S_056
65,S_056
66,E_057
67,E_057
68,E_057
69,E_057
70,E_057